{"0": [1.2104265689849854, 1.8706681728363037, 1.4335739612579346, 1.2166023254394531, 1.2264471054077148, 1.083249807357788, 1.3689112663269043, 1.2124717235565186, 1.3591501712799072, 1.4219293594360352, 0.8834600448608398, 0.7771215438842773, 0.7955234050750732, 1.5179762840270996, 2.1751134395599365, 1.3595948219299316, 2.350369691848755, 1.0575802326202393, 1.5086469650268555, 0.8576271533966064], "1": [4.664255142211914, 6.1111767292022705, 8.200581550598145, 4.697106122970581, 3.8992040157318115, 3.9866912364959717, 5.585410118103027, 5.077334642410278, 8.120870590209961, 4.891431570053101, 4.030959844589233, 5.807820558547974, 5.021738529205322, 8.93490982055664, 5.966997146606445, 4.130034923553467, 5.040173292160034, 4.294653415679932, 5.6019251346588135, 7.101556062698364], "2": [5.613091707229614, 6.922266721725464, 10.605674982070923, 9.48370099067688, 4.24326491355896, 8.481647253036499, 9.971673965454102, 6.439943075180054, 3.8256921768188477, 8.355045080184937, 8.769245862960815, 6.41532564163208, 6.481518983840942, 6.410881996154785, 4.0584330558776855, 4.900136709213257, 7.067392826080322, 4.920153617858887, 6.58234429359436, 6.4428017139434814]}